{
  "project_info": {
    "project_number": "1099408439600",
    "project_id": "class-33932",
    "storage_bucket": "class-33932.appspot.com"
  },
  "client": [
    {
      "client_info": {
        "mobilesdk_app_id": "1:1099408439600:android:2c4965196c19e0cf6170f5",
        "android_client_info": {
          "package_name": "com.abgy"
        }
      },
      "oauth_client": [
        {
          "client_id": "1099408439600-qjfk81b8sc4om04un10sqc5jeh7ke3gn.apps.googleusercontent.com",
          "client_type": 3
        }
      ],
      "api_key": [
        {
          "current_key": "AIzaSyAQIRKRoP9_cyBtPm9vy8ZgT2JRWc97_Z8"
        }
      ],
      "services": {
        "appinvite_service": {
          "other_platform_oauth_client": [
            {
              "client_id": "1099408439600-qjfk81b8sc4om04un10sqc5jeh7ke3gn.apps.googleusercontent.com",
              "client_type": 3
            }
          ]
        }
      }
    }
  ],
  "configuration_version": "1"
}